<?xml version="1.0" encoding="UTF-8"?>
<Experiments>
	<SimulationExperiment ActiveObjectClassId="1761801718537">
		<Id>1761801718554</Id>
		<Name><![CDATA[Baseline]]></Name>
		<Import><![CDATA[import java.io.*;]]></Import>
		<CommandLineArguments/>
		<MaximumMemory>512</MaximumMemory>
		<RandomNumberGenerationType>fixedSeed</RandomNumberGenerationType>
		<CustomGeneratorCode>new Random()</CustomGeneratorCode>
		<BeforeSimulationRunCode>try {
    root.csvWriter = new PrintWriter(new File("caregiver_data.csv"));
    root.csvWriter.println(
        "caregiver_id,week,stressLevel,sleepQualityHoursPerWeek,workloadHoursPerWeek,careQualityEffectiveness"
    );
} catch (Exception e) {
    e.printStackTrace();
}
</BeforeSimulationRunCode>
		<AfterSimulationRunCode>if (root.csvWriter != null) {
    root.csvWriter.close();
}</AfterSimulationRunCode>
		<SeedValue>1</SeedValue>
		<SelectionModeForSimultaneousEvents>LIFO</SelectionModeForSimultaneousEvents>
		<VmArgs/>
		<LoadRootFromSnapshot>false</LoadRootFromSnapshot>
		<Presentation>
			<Text>
				<Id>1761801718556</Id>
				<Name><![CDATA[text]]></Name>
				<X>50</X>
				<Y>30</Y>
				<Label>
					<X>10</X>
					<Y>0</Y>
				</Label>
				<PublicFlag>true</PublicFlag>
				<PresentationFlag>true</PresentationFlag>
				<ShowLabel>false</ShowLabel>
				<DrawMode>SHAPE_DRAW_2D3D</DrawMode>
				<EmbeddedIcon>false</EmbeddedIcon>
				<Z>0</Z>
				<Rotation>0.0</Rotation>
				<Color>-12490271</Color>
				<Text><![CDATA[DementiacareHybridABMDESV1]]></Text>
				<Font>
					<Name><![CDATA[SansSerif]]></Name>
					<Size>24</Size>
					<Style>0</Style>
				</Font>
				<Alignment>LEFT</Alignment>
			</Text>
		</Presentation>
		<Parameters>
			<Parameter>
				<ParameterName>enableInterventions</ParameterName>
				<ParameterValue Class="CodeValue">
					<Code><![CDATA[true]]></Code>
				</ParameterValue>
			</Parameter>
			<Parameter>
				<ParameterName>interventionStartWeek</ParameterName>
				<ParameterValue Class="CodeValue">
					<Code><![CDATA[7]]></Code>
				</ParameterValue>
			</Parameter>
			<Parameter>
				<ParameterName>simulationDurationYears</ParameterName>
			</Parameter>
			<Parameter>
				<ParameterName>patientPopulationSize</ParameterName>
				<ParameterValue Class="CodeValue">
					<Code><![CDATA[100]]></Code>
				</ParameterValue>
			</Parameter>
			<Parameter>
				<ParameterName>caregiverPopulationSize</ParameterName>
				<ParameterValue Class="CodeValue">
					<Code><![CDATA[100]]></Code>
				</ParameterValue>
			</Parameter>
			<Parameter>
				<ParameterName>countAdultDayCareCenters</ParameterName>
				<ParameterValue Class="CodeValue">
					<Code><![CDATA[5]]></Code>
				</ParameterValue>
			</Parameter>
			<Parameter>
				<ParameterName>countHomes</ParameterName>
				<ParameterValue Class="CodeValue">
					<Code><![CDATA[100]]></Code>
				</ParameterValue>
			</Parameter>
			<Parameter>
				<ParameterName>adultDayCareCenterSlots</ParameterName>
				<ParameterValue Class="CodeValue">
					<Code><![CDATA[5]]></Code>
				</ParameterValue>
			</Parameter>
			<Parameter>
				<ParameterName>workloadStressWeight</ParameterName>
			</Parameter>
			<Parameter>
				<ParameterName>sleepStressWeight</ParameterName>
			</Parameter>
			<Parameter>
				<ParameterName>financialStressWeight</ParameterName>
			</Parameter>
			<Parameter>
				<ParameterName>copingSkillsBoostAmount</ParameterName>
			</Parameter>
			<Parameter>
				<ParameterName>careQualityDecayRate</ParameterName>
				<ParameterValue Class="CodeValue">
					<Code><![CDATA[0.015]]></Code>
				</ParameterValue>
			</Parameter>
			<Parameter>
				<ParameterName>excelRowCounter</ParameterName>
			</Parameter>
		</Parameters>
		<PresentationProperties>
			<EnableZoomAndPanning>true</EnableZoomAndPanning>
			<ExecutionMode>realTimeScaled</ExecutionMode>
			<Title>DementiacareHybridABMDESV1 : Simulation</Title>
			<EnableDeveloperPanel>true</EnableDeveloperPanel>
			<ShowDeveloperPanelOnStart>false</ShowDeveloperPanelOnStart>
			<RealTimeScale>1.0</RealTimeScale>
		</PresentationProperties>
		<ModelTimeProperties>
			<StopOption>Never</StopOption>
			<InitialDate>1761782400000</InitialDate>
			<InitialTime>0.0</InitialTime>
			<FinalDate>1764460800000</FinalDate>
			<FinalTime>100.0</FinalTime>
		</ModelTimeProperties>
		<BypassInitialScreen>true</BypassInitialScreen>
	</SimulationExperiment>
	<SimulationExperiment ActiveObjectClassId="1761801718537">
		<Id>1762248892986</Id>
		<Name><![CDATA[MultipleCaregiversAndPatients]]></Name>
		<CommandLineArguments/>
		<MaximumMemory>512</MaximumMemory>
		<RandomNumberGenerationType>fixedSeed</RandomNumberGenerationType>
		<CustomGeneratorCode>new Random()</CustomGeneratorCode>
		<SeedValue>1</SeedValue>
		<SelectionModeForSimultaneousEvents>LIFO</SelectionModeForSimultaneousEvents>
		<VmArgs/>
		<LoadRootFromSnapshot>false</LoadRootFromSnapshot>
		<Presentation>
			<Text>
				<Id>1762248892988</Id>
				<Name><![CDATA[text]]></Name>
				<X>50</X>
				<Y>30</Y>
				<Label>
					<X>10</X>
					<Y>0</Y>
				</Label>
				<PublicFlag>true</PublicFlag>
				<PresentationFlag>true</PresentationFlag>
				<ShowLabel>false</ShowLabel>
				<DrawMode>SHAPE_DRAW_2D3D</DrawMode>
				<EmbeddedIcon>false</EmbeddedIcon>
				<Z>0</Z>
				<Rotation>0.0</Rotation>
				<Color>-12490271</Color>
				<Text><![CDATA[DementiacareHybridABMDESV2]]></Text>
				<Font>
					<Name><![CDATA[SansSerif]]></Name>
					<Size>24</Size>
					<Style>0</Style>
				</Font>
				<Alignment>LEFT</Alignment>
			</Text>
		</Presentation>
		<Parameters>
			<Parameter>
				<ParameterName>enableInterventions</ParameterName>
			</Parameter>
			<Parameter>
				<ParameterName>interventionStartWeek</ParameterName>
			</Parameter>
			<Parameter>
				<ParameterName>simulationDurationYears</ParameterName>
			</Parameter>
			<Parameter>
				<ParameterName>patientPopulationSize</ParameterName>
				<ParameterValue Class="CodeValue">
					<Code><![CDATA[5]]></Code>
				</ParameterValue>
			</Parameter>
			<Parameter>
				<ParameterName>caregiverPopulationSize</ParameterName>
				<ParameterValue Class="CodeValue">
					<Code><![CDATA[5]]></Code>
				</ParameterValue>
			</Parameter>
			<Parameter>
				<ParameterName>countAdultDayCareCenters</ParameterName>
			</Parameter>
			<Parameter>
				<ParameterName>countHomes</ParameterName>
				<ParameterValue Class="CodeValue">
					<Code><![CDATA[5]]></Code>
				</ParameterValue>
			</Parameter>
			<Parameter>
				<ParameterName>adultDayCareCenterSlots</ParameterName>
				<ParameterValue Class="CodeValue">
					<Code><![CDATA[1]]></Code>
				</ParameterValue>
			</Parameter>
			<Parameter>
				<ParameterName>workloadStressWeight</ParameterName>
			</Parameter>
			<Parameter>
				<ParameterName>sleepStressWeight</ParameterName>
			</Parameter>
			<Parameter>
				<ParameterName>financialStressWeight</ParameterName>
			</Parameter>
			<Parameter>
				<ParameterName>copingSkillsBoostAmount</ParameterName>
			</Parameter>
			<Parameter>
				<ParameterName>careQualityDecayRate</ParameterName>
			</Parameter>
			<Parameter>
				<ParameterName>excelRowCounter</ParameterName>
			</Parameter>
		</Parameters>
		<PresentationProperties>
			<EnableZoomAndPanning>true</EnableZoomAndPanning>
			<ExecutionMode>realTimeScaled</ExecutionMode>
			<Title>DementiacareHybridABMDESV2 : MultipleCaregiversAndPatients</Title>
			<EnableDeveloperPanel>true</EnableDeveloperPanel>
			<ShowDeveloperPanelOnStart>false</ShowDeveloperPanelOnStart>
			<RealTimeScale>1.0</RealTimeScale>
		</PresentationProperties>
		<ModelTimeProperties>
			<StopOption>Never</StopOption>
			<InitialDate>1761782400000</InitialDate>
			<InitialTime>0.0</InitialTime>
			<FinalDate>1764460800000</FinalDate>
			<FinalTime>100.0</FinalTime>
		</ModelTimeProperties>
		<BypassInitialScreen>true</BypassInitialScreen>
	</SimulationExperiment>
</Experiments>
